"","id","nom","inscrits","abst","blancs","joly","lepen","sarkozy","melenchon","poutou","arthaud","cheminade","bayrou","dupont.aignan","hollande"
"1","0101","MAIRIE DU 1ER ARRONDISSEMENT",794,22.29,1.3,9.52,4.11,16.91,21.51,1.31,0.33,0.66,11.17,0.49,33.99
"2","0102","MAIRIE DU 1ER ARRONDISSEMENT",1165,20.17,1.08,7.83,5.98,20.33,19.78,0.54,0.54,0.65,8.15,0.65,35.54
"3","0103","ECOLE - VICTOR HUGO",1268,18.53,1.94,9.18,5.23,13.82,24.28,0.49,0.39,0.39,6.91,0.69,38.6
"4","0104","ECOLE - VICTOR HUGO",1316,21.43,0.77,4.19,7.89,29.43,15.59,0.97,0.88,0,9.94,0.78,30.31
"5","0105","ECOLE - AVEYRON",1164,17.87,0.42,9.14,4.2,18.07,20.9,0.63,0.84,0.21,6.2,0.84,38.97
"6","0106","ECOLE - AVEYRON",1193,17.6,1.22,6.49,5.77,26.26,16.58,1.03,0.21,0,11.64,1.03,31
"7","0107","ECOLE - AVEYRON",1275,18.2,1.05,8.91,3.2,17.54,21.9,0.48,0.29,0.29,6.49,0.58,40.31
"8","0108","SERV. ARCHEOLOGIQUE MUNICIPAL",698,22.06,0.18,11.79,3.5,8.1,26.34,1.29,0.55,0.18,7.55,0.37,40.33
"9","0109","ECOLE TABLES CLAUDIENNES",859,20.49,0.44,6.62,3.53,13.24,27.21,1.03,0.44,0.44,6.18,0.59,40.74
"10","0110","ECOLE - MICHEL SERVET",1394,19.73,1.34,7.16,5.25,19.29,20.47,1.27,0.09,0.18,9.69,1.45,35.14
"11","0111","MAIRIE - ANNEXE",1487,18.63,1.07,7.18,5.26,25.06,17.54,0.92,0.33,0.42,10.19,1.34,31.75
"12","0112","ECOLE - ROBERT DOISNEAU",1119,20.55,1.01,7.16,5.34,30.8,13.98,1.14,0.23,0.23,7.84,1.02,32.27
"13","0113","ECOLE - ROBERT DOISNEAU",1260,21.98,1.53,4.75,5.27,27.89,14.26,0.62,0.1,0.62,9.81,1.45,35.23
"14","0114","ECOLE - ROBERT DOISNEAU",1253,16.92,0.38,8.2,4.05,33.94,14.75,0.77,0.1,0.29,9.35,0.58,27.97
"15","0115","MAIRIE DU 1ER ARRONDISSEMENT",866,19.17,0.86,9.08,2.74,14.41,26.66,1.73,0.29,0.29,7.78,0.58,36.46
"16","0116","SERV. ARCHEOLOGIQUE MUNICIPAL",758,22.69,1.88,8.87,6.96,10.78,24.52,1.04,0.7,0.17,6.61,0.52,39.83
"17","0117","ECOLE TABLES CLAUDIENNES",819,16.85,1.76,10.16,4.93,13.3,22.72,0.9,0.75,0.45,6.58,0.3,39.91
"18","0201","MAIRIE DU 2 EME",706,16.71,1.53,3.28,8.29,53.89,5.18,0,0,0.35,11.57,2.25,15.2
"19","0202","MAIRIE DU 2 EME",959,17.31,0.76,3.05,6.61,47.78,5.84,1.14,0.25,0.13,12.83,2.29,20.08
"20","0203","ECOLE PRIMAIRE CONDE (GYMNASE)",1059,19.07,0.58,3.99,7.75,46.13,7.86,0.47,0.12,0.47,11.27,0.82,21.13
"21","0204","ECOLE PRIMAIRE CONDE (GYMNASE)",1068,19.57,0.93,3.53,7.4,43.95,8.11,0.82,0.12,0.35,11.52,1.06,23.15
"22","0205","ECOLE MICHELET",900,16.67,0.93,3.63,6.33,50.2,6.86,0.67,0,0,12.79,0.54,18.98
"23","0206","ECOLE MICHELET",785,17.07,1.23,3.11,7.15,49.77,7.15,0.16,0.16,0.47,11.82,0.93,19.28
"24","0207","SALLE FRANCOIS SALA",1011,17.41,1.44,2.92,3.89,56.38,6.56,0.12,0,0.12,12.76,1.34,15.92
"25","0208","SALLE FRANCOIS SALA",1014,19.53,1.23,3.47,6.33,51.61,6.95,0.12,0.25,0.5,11.79,2.23,16.75
"26","0209","ECOLE MATERNELLE CONDE",955,20,0.79,4.49,11.08,37.99,7.39,1.32,0.4,0.26,8.31,0.79,27.97
"27","0210","ECOLE MATERNELLE CONDE",687,19.51,0.54,4.55,10.36,40.36,7.09,0.36,0,0.36,11.09,0.91,24.91
"28","0211","ECOLE GILIBERT",843,25.74,1.12,3.72,15.02,28.76,13.89,0.48,0,0.16,11.31,2.1,24.56
"29","0212","ECOLE GILIBERT",896,20.98,1.27,5.58,14.16,25.04,13.45,1.43,0.29,0.14,7.73,1.43,30.76
"30","0213","ECOLE ALIX",832,18.39,1.47,3.29,11.81,27.65,17.49,0.75,0.9,0.45,11.06,0.9,25.71
"31","0214","ECOLE ALIX",900,20.67,0.42,4.5,20.96,29.11,10.55,0.7,0.98,0.7,11.39,3.52,17.58
"32","0215","ECOLE LAMARTINE",1196,20.57,0.63,3.5,5.51,47.88,8.05,0.21,0.21,0.42,10.17,0.74,23.31
"33","0216","ECOLE LAMARTINE",1180,20.59,1.17,3.24,7.45,46.11,8.64,0.54,0,0.32,10.91,0.43,22.35
"34","0217","SALLE CORBEILLE",1209,20.93,0.52,4.1,5.26,41.43,9.88,0.84,0.21,0.21,12.2,1.05,24.82
"35","0218","SALLE DE LA CORBEILLE",933,20.15,1.74,2.87,6.01,48.09,7.1,0.55,0.14,0,10.11,1.78,23.36
"36","0219","GYMNASE CHANFRAY",799,27.28,2.58,3.89,15.19,19.79,13.96,1.06,0.18,0.53,10.42,1.41,33.57
"37","0220","GYMNASE CHANFRAY",526,10.08,1.48,4.72,10.09,27.25,8.8,1.07,0.86,0.64,12.45,1.72,32.4
"38","0301","MAIRIE DU 3EME",934,24.63,1.56,2.89,9.24,31.46,8.37,0.58,0.43,0.29,11.4,1.73,33.62
"39","0302","MAIRIE DU 3ÈME",1018,18.76,1.21,3.43,8.69,44.92,8.94,0.49,0.24,0.61,7.71,1.22,23.75
"40","0303","ECOLE ANDRE PHILIP",799,21.4,1.27,3.71,10.32,32.1,13.23,0.48,0.16,0.16,12.9,0.48,26.45
"41","0304","ECOLE ANDRE PHILIP",986,28.5,0.85,3,10.87,24.75,10.01,0.29,0.57,0.57,9.16,1.29,39.48
"42","0305","ECOLE PAUL PAINLEVE",1069,15.81,1.33,2.36,7.21,52.36,4.73,0.45,0.23,0.23,11.94,1.35,19.14
"43","0306","ECOLE PAUL PAINLEVE",920,17.39,0.53,5.29,5.42,48.28,7.01,0.4,0.26,0.13,12.04,1.46,19.71
"44","0307","ECOLE PAUL PAINLEVE",1007,19.27,0.86,6.95,7.2,26.8,14.14,0.5,0.12,0.37,11.17,1.61,31.14
"45","0308","ECOLE PAUL PAINLEVE",1013,20.43,1.12,3.64,5.27,28.86,13.8,0.5,0.5,0.75,10.04,0.5,36.14
"46","0309","ECOLE PAUL PAINLEVE",1149,21.93,0.89,6.75,4.5,25.31,14.85,1.12,0.79,0.34,10.8,1.12,34.42
"47","0310","ECOLE SAINT EXUPERY",1203,23.86,0.98,3.75,6.84,18.63,18.19,0.88,0.22,0.11,10.8,1.32,39.25
"48","0311","ECOLE SAINT EXUPERY",1013,18.95,0.97,4.31,7.38,34.93,9.96,0,0.12,0.37,10.21,0.98,31.73
"49","0312","ECOLE ETIENNE DOLET",1284,17.06,1.69,3.15,7.64,38.78,8.4,0.29,0.38,0.19,11.84,1.72,27.6
"50","0313","ECOLE ETIENNE DOLET",1227,21.76,1.25,5.27,7.07,25.32,15.08,1.37,0.32,0.21,11.18,0.74,33.44
"51","0314","GYMNASE MAZENOD",1127,20.32,1,5.74,7.2,29.7,14.74,0.56,0.11,0.22,8.44,1.46,31.83
"52","0315","GYMNASE MAZENOD",1228,23.13,1.48,5.81,9.25,22.47,12.58,0.86,0.32,0,10.54,0.97,37.2
"53","0316","ECOLE LEON JOUHAUX",1063,15.9,1.23,4.42,9.4,27.52,11.44,0.68,0.45,0.45,12.23,1.25,32.16
"54","0317","ECOLE LEON JOUHAUX",1159,23.47,1.35,2.4,9.14,25.49,12.8,1.03,0.57,0.34,13.94,1.94,32.34
"55","0318","ECOLE LEON JOUHAUX",1139,19.14,1.09,4.06,10.87,27.44,9.99,0.99,0.33,0.55,12.73,1.43,31.61
"56","0319","ECOLE ANTOINE CHARIAL",862,26.22,1.26,4.78,11.31,32.17,10.83,1.11,0.8,0.32,5.89,1.11,31.69
"57","0320","ECOLE ANTOINE CHARIAL",816,17.03,1.03,4.48,10.15,23.28,12.24,1.04,0.45,0.15,13.73,1.79,32.69
"58","0321","ECOLE GEORGES POMPIDOU",1098,21.58,0.81,3.28,13.58,32.2,7.38,0.47,0.23,0.35,11.59,0.7,30.21
"59","0322","ECOLE LAURENT MOURGUET",1315,37.64,1.46,3.47,8.79,29.21,13,0.37,0,0.12,12,0.87,32.18
"60","0323","ECOLE LAURENT MOURGUET",1292,20.59,1.27,2.67,8.29,26.46,11.35,0.99,0.3,0.2,12.54,1.48,35.74
"61","0324","ECOLE ANTOINE CHARIAL",1280,19.69,2.33,5.08,8.17,24.1,11.65,1.39,0.9,0.1,12.05,1.59,34.96
"62","0325","ECOLE ANTOINE CHARIAL",1015,25.12,1.84,3.35,10.46,23.32,13.14,0.8,0.27,0.13,11.8,0.67,36.06
"63","0326","ECOLE MEYNIS",1429,18.54,1.8,2.71,8.75,23.97,11.64,0.96,0.26,0.44,13.39,2.01,35.87
"64","0327","ECOLE MEYNIS",949,20.55,2.39,4.76,9.38,21.6,13.32,0.68,0.54,0.54,11.28,1.63,36.28
"65","0328","ECOLE MEYNIS",1446,21.58,1.85,4.04,9.61,22.82,12.85,0.99,0.27,0.09,12.67,1.53,35.13
"66","0329","ECOLE JULES VERNE",1108,20.94,1.14,5.08,14.67,26.1,11.32,0.81,0.12,0.12,12.47,1.62,27.71
"67","0330","ECOLE JULES VERNE",1209,19.27,1.02,3.42,15.53,25.98,10.14,0.93,0.72,0,10.14,1.45,31.68
"68","0331","ECOLE ANATOLE FRANCE",1308,16.67,1.47,4,13.5,31.38,12.01,0.56,0.28,0.28,12.1,1.02,24.86
"69","0332","ECOLE ANATOLE FRANCE",1236,16.59,1.65,3.45,13.21,35.31,8.48,0.3,0.3,0.1,12.72,1.68,24.46
"70","0333","ECOLE ANATOLE FRANCE",1408,19.74,1.24,2.69,10.22,37.37,9.23,0.27,0.18,0.27,12.9,1.08,25.81
"71","0334","ECOLE ANATOLE FRANCE",1142,20.49,1.32,3.68,14.17,31.7,11.61,0.56,0.89,0,10.16,1.45,25.78
"72","0335","ECOLE CONDORCET",885,18.76,2.09,3.69,10.09,41.62,9.66,0.28,0.28,0,11.79,0.85,21.73
"73","0336","ECOLE CONDORCET",850,17.65,1,3.75,10.97,40.4,7.94,0.29,0.29,0.72,10.68,1.3,23.67
"74","0337","ECOLE VIALA",976,16.39,1.47,2.74,9.08,40.67,8.08,0.37,0.62,0,12.94,1.37,24.13
"75","0338","ECOLE VIALA",1079,23.17,1.81,3.44,11.55,26.9,11.79,0.74,0,0.25,12.53,0.74,32.06
"76","0339","ECOLE LOUISE",1336,16.62,1.89,3.2,10.34,37.05,8.14,0.64,0.46,0.27,14.46,1.74,23.7
"77","0340","ECOLE LOUISE",1241,21.03,1.53,4.46,11.09,30.47,10.26,0.93,0.52,0.21,11.19,1.87,29.02
"78","0341","ECOLE DOCTEUR REBATEL",1057,16.37,1.58,2.53,10.34,38.62,8.05,0.34,0.34,0,8.85,1.26,29.66
"79","0342","ECOLE DOCTEUR REBATEL",1026,15.79,1.39,4.11,8.69,35.45,8.1,0.47,0.23,0,12.79,1.17,28.99
"80","0343","ECOLE NOVE JOSSERAND",1357,15.77,1.14,5.49,9.03,31.33,7.96,0.88,0.09,0.09,14.16,1.59,29.38
"81","0344","ECOLE NOVE JOSSERAND",1278,17.21,1.98,2.89,10.9,31.82,10.03,0.77,0.29,0.48,12.73,0.96,29.12
"82","0345","ECOLE NOVE JOSSERAND",1321,17.26,2.38,4.97,6.65,29.52,10.03,0.75,0.09,0.28,15.56,1.31,30.83
"83","0346","ECOLE NOVE JOSSERAND",1322,22.69,1.27,2.97,12.59,21.41,12.09,0.79,0.2,0.5,10.9,1.39,37.17
"84","0347","ECOLE NOVE JOSSERAND",981,26.5,0.97,5.32,12.61,21.29,14.29,0.28,0.42,0.42,10.64,1.4,33.33
"85","0348","ECOLE MEYNIS",1130,22.83,1.49,4.31,7.92,26.54,13.04,0.93,0.12,0.12,10.71,1.05,35.27
"86","0349","ECOLE AIME CESAIRE",1053,18.42,1.28,4.83,6.25,34.2,10.14,0.59,0.24,0.35,12.5,0.94,29.95
"87","0350","G.S ANTOINE CHARIAL",947,18.37,1.03,4.31,8.5,29.02,10.85,0.65,0.13,0.26,13.33,1.57,31.37
"88","0351","G.S ANTOINE CHARIAL",947,20.59,1.46,7.29,9.85,26.99,10.8,0.81,0.27,0.27,12.15,0.81,30.77
"89","0401","MAIRIE DU 4EME ARRDT",1332,18.54,1.66,6.94,6.19,20.62,17.81,0.47,0.37,0.09,9.93,2.62,34.96
"90","0402","MAIRIE DU 4EME ARRDT",978,18.92,2.02,4.63,7.46,27.03,17.5,0.77,0.26,0.39,9.65,1.93,30.37
"91","0403","ECOLE JOSEPH CORNIER",1131,16.36,1.37,6.75,7.07,22.08,17.47,0.75,0.43,0.32,9.54,1.29,34.3
"92","0404","ECOLE JOSEPH CORNIER",1063,15.43,1.11,4.61,7.76,34.2,12.82,1.46,0.22,0.22,10.24,0.79,27.67
"93","0405","ECOLE JOSEPH CORNIER",1171,14.6,2,5,7.65,32.24,10.1,0.61,0.2,0.61,12.76,0.41,30.41
"94","0406","ECOLE DES ENTREPOTS",776,18.56,1.27,4.33,8.97,39.1,8.81,0.32,0.16,0.32,11.7,1.28,25
"95","0407","ECOLE DES ENTREPOTS",1209,19.77,1.96,2.42,9.99,39.54,9.57,0.63,0.11,0.11,9.57,1.79,26.29
"96","0408","SALLE MUNICIPALE LA FICELLE",1342,19.97,2.14,8.09,6.37,24.07,15.79,0.95,0.29,0.38,11.13,0.67,32.25
"97","0409","ECOLE DU GROS CAILLOU",1014,17.65,1.68,7.8,4.26,20.58,20.1,0.49,0.49,0.12,10.72,1.58,33.86
"98","0410","ECOLE DU GROS CAILLOU",1039,15.21,1.25,9.54,4.02,15.63,20,0.8,0.57,0.34,8.16,0.92,40
"99","0411","ECOLE COMMANDANT ARNAUD",1017,15.93,1.29,7.94,5.57,15.64,20.14,1.54,0.12,0.12,7.82,0.47,40.64
"100","0412","ECOLE COMMANDANT ARNAUD",1098,18.4,0.56,9.09,6.51,16.61,18.86,1.01,1.12,0.34,10.77,1.12,34.57
"101","0413","ECOLE COMMANDANT ARNAUD",1117,18.35,0.99,7.09,6.53,22.59,16.83,0.89,0.78,0.33,9.19,0.89,34.88
"102","0414","ECOLE COMMANDANT ARNAUD",1149,16.62,1.04,9.07,6.75,15.51,20.68,0.74,0.21,0.21,8.97,1.05,36.81
"103","0415","ECOLE GEORGES LAPIERRE",908,18.83,1.09,6.86,7.13,28.81,13.58,1.23,0.27,0.69,10.43,0.41,30.59
"104","0416","ECOLE JEAN DE LA FONTAINE",801,15.36,0.88,3.27,7.29,51.93,6.25,0.15,0.45,0.15,11.31,1.34,17.86
"105","0417","ECOLE JEAN DE LA FONTAINE",866,16.05,1.1,3.06,9.18,45.34,9.46,0.7,0.28,0.14,9.46,0.97,21.42
"106","0418","ECOLE JEAN DE LA FONTAINE",869,20.71,2.76,3.13,20.3,25.07,10.3,1.19,0.3,0.3,6.42,1.94,31.04
"107","0419","GYMNASE RENE BAILLIEU",1047,17.1,1.73,3.4,7.62,44.43,9.03,0.82,0.12,0.35,10.32,0.7,23.21
"108","0420","ECOLE JEAN DE LA FONTAINE",936,20.19,1.34,4.75,5.43,39.76,7.46,0.27,0.41,0.14,12.89,1.49,27.41
"109","0421","GYMNASE RENE BAILLIEU",968,19.63,1.03,4.68,11.3,34.94,10.91,1.04,0.52,0.13,10.39,1.17,24.94
"110","0422","SALLE DES FETES DE LA FICELLE",1151,19.03,2.9,1.99,11.27,27.51,13.7,1.77,0.22,0.22,10.5,1.33,31.49
"111","0423","SALLE DES FETES DE LA FICELLE",979,15.22,0.84,5.35,6.56,33.54,10.69,0.73,0.12,0,10.81,1.34,30.86
"112","0424","ECOLE COMMANDANT ARNAUD",832,18.27,1.32,5.51,5.66,23.1,18.48,0.75,0.45,0,10.28,0.89,34.87
"113","0501","MAIRIE DU 5èME",982,18.84,0.63,1.52,9.97,43.56,6.31,0.38,0.25,0.13,14.52,0.88,22.47
"114","0502","ECOLE FRANCOIS TRUFFAUT",993,25.98,0.95,1.92,11.54,25.14,12.09,0.69,0.27,0.41,6.18,1.24,40.52
"115","0503","ECOLE FRANCOIS TRUFFAUT",996,16.87,1.69,3.56,9.46,35.75,7.99,0.61,0.25,0.86,12.65,2.21,26.66
"116","0504","ECOLE FRANCOIS TRUFFAUT",1037,19.77,1.32,2.8,10.48,42.02,7.06,0.49,0.24,0.24,12.42,1.1,23.14
"117","0505","ECOLE MATERNELLE SECRET",931,17.72,1.57,4.11,7.96,42.84,6.9,0.53,0.27,0.53,14.85,2.39,19.63
"118","0506","ECOLE MATERNELLE SECRET",875,13.37,1.45,3.08,7.9,49.26,4.15,0.8,0,0.4,13.52,1.07,19.81
"119","0507","ECOLE LES GEMEAUX",1093,15.1,0.75,2.71,8.14,44.63,6.73,0.54,0.11,0.11,13.9,0.87,22.26
"120","0508","ECOLE LES GEMEAUX",1040,19.81,1.44,3.04,9.85,32.36,8.88,1.22,0.12,0,12.04,2.31,30.17
"121","0509","ECOLE LES GEMEAUX",882,23.24,0.89,3.13,15.2,28.32,11.03,0.89,1.04,0.15,10.73,1.79,27.72
"122","0510","ECOLE LES GEMEAUX",1143,19.77,1.09,3.75,10.92,38.26,10.03,0.99,0.44,0,11.47,1.54,22.6
"123","0511","GYMNASE CHARCOT",1130,19.73,2.21,2.71,11.16,35.96,7.78,1.01,0.79,0.56,13.08,1.47,25.48
"124","0512","GYMNASE CHARCOT",1070,18.79,1.61,3.16,10.18,33.8,8.19,0.58,0.35,0.47,12.4,1.52,29.36
"125","0513","ECOLE FERDINAND BUISSON",989,18.3,1.11,3,7.76,40.3,9.01,0.38,0.13,0.13,12.64,1,25.66
"126","0514","ECOLE FERDINAND BUISSON",1068,16.76,2.47,3.81,11.76,29.87,7.84,0.35,0.46,0.46,14.42,2.77,28.26
"127","0515","ECOLE FERDINAND BUISSON",1060,16.42,1.24,2.63,8.91,35.43,9.49,0.69,0.57,0,13.49,1.03,27.77
"128","0516","ECOLE FERDINAND BUISSON",1100,17.91,0.89,7.04,6.37,27.49,12.51,0.78,0.67,0,10.95,1.45,32.74
"129","0517","ECOLE CHAMPVERT OUEST",864,23.15,0.6,2.42,15.45,27.58,11.21,0.45,0.45,0.45,6.21,1.06,34.7
"130","0518","ECOLE CHAMPVERT OUEST",917,21.81,1.26,1.69,23.45,22.46,11.58,1.84,1.13,0.28,6.78,1.69,29.1
"131","0519","ECOLE CHAMPVERT OUEST",1009,16.95,0.48,3.36,10.55,40.29,6.47,0.12,0.6,0.72,15.95,1.44,20.5
"132","0520","ECOLE DIDEROT",900,22.33,1.14,2.32,11.14,27.35,12.3,0.58,0.43,0.29,7.24,3.76,34.59
"133","0521","ECOLE DIDEROT",927,28.59,2.27,1.24,14.37,16.07,17,1.85,0.46,0.31,8.04,1.24,39.41
"134","0522","ECOLE DIDEROT",1043,19.37,1.43,3.98,12.42,31.6,8.08,0.72,0.12,0.36,13.51,3.02,26.18
"135","0523","ECOLE DIDEROT",1044,17.24,1.39,2,13.62,32.75,8.92,0.94,0.35,0.35,12.91,2,26.17
"136","0524","ECOLE ALBERT CAMUS",866,16.4,1.38,5.04,5.18,29.55,10.36,1.26,0.42,0,11.2,1.54,35.43
"137","0525","ECOLE ALBERT CAMUS",980,21.12,0.91,3,10.57,27.28,13.19,1.04,0.52,0.26,12.4,1.17,30.55
"138","0526","ECOLE FULCHIRON",1023,18.28,1.44,8.01,4.37,25.12,14.32,0.73,0.61,0,10.44,0.85,35.56
"139","0527","ECOLE FULCHIRON",999,21.02,0.76,3.32,8.3,38.44,7.92,1.02,0.26,0.38,13.03,1.15,26.18
"140","0528","MJC DU VIEUX LYON",1024,19.34,0.73,6.95,5.85,30.12,13.78,0.85,0.61,0,14.63,0.85,26.34
"141","0529","MAIRIE ANNEXE",1004,20.82,1.13,5.6,4.96,29.64,16.16,0.89,0.25,0.25,9.54,1.27,31.42
"142","0530","ECOLE GERSON",844,18.6,1.02,9.26,6.03,24.85,18.68,1.91,0,0.15,7.06,1.18,30.88
"143","0531","ECOLE GERSON",809,20.27,0.62,4.84,4.99,32.45,13.88,0.31,0.16,0.62,11.86,0.16,30.73
"144","0601","MAIRIE DU 6EME",758,22.82,1.2,1.9,11.76,38.75,9.17,0.52,0.52,0.52,8.65,0.69,27.51
"145","0602","MAIRIE DU 6EME",888,17.45,1.77,2.64,10.69,43.33,5.69,0.97,0.28,0.42,9.44,1.39,25.14
"146","0603","MAIRIE DU 6EME",1050,18.76,1.41,3.21,7.25,45.9,8.09,0.36,0.12,0.24,12.13,0.83,21.88
"147","0604","GYMNASE VIRICEL",916,22.71,1.27,3.15,7.44,33.19,13.02,1.43,0.43,0.86,12.3,1.86,26.32
"148","0605","GYMNASE VIRICEL",1067,21.09,0.59,4.42,9.68,31.42,9.56,0.6,0.48,0.12,13.14,1.19,29.39
"149","0606","GYMNASE VIRICEL",913,20.15,2.33,3.37,9.83,35.67,8.43,0.56,0.14,0,13.2,1.26,27.53
"150","0607","ECOLE FERRY",706,18.84,1.75,3.02,5.86,43.16,7.28,0.36,0.36,0.53,15.1,1.42,22.91
"151","0608","ECOLE FERRY",683,16.69,0.35,2.82,7.76,43.39,8.99,0.53,0.18,0.18,10.41,1.41,24.34
"152","0609","ECOLE FERRY",884,18.55,0.83,1.82,11.2,38.38,7.98,0.98,0.56,0.28,14.71,1.26,22.83
"153","0610","ECOLE ANTOINE REMOND",1201,19.07,0.93,4.26,6.96,36.24,8,0.42,0.31,0.31,13.19,1.87,28.45
"154","0611","ECOLE ANTOINE REMOND",1005,19.3,0.99,3.74,9.34,35.12,8.47,0.87,0.5,0.12,12.45,1.37,28.02
"155","0612","ECOLE ANTOINE REMOND",1126,22.38,2.29,5.39,10.07,23.65,12.41,0.7,1.05,0,9.6,1.17,35.95
"156","0613","ECOLE JEAN JAURES",1057,16.18,1.13,2.05,5.94,56.74,3.77,0.23,0.23,0.46,11.19,1.6,17.81
"157","0614","ECOLE JEAN JAURES",954,18.45,1.03,2.6,7.79,41.17,6.36,0.78,0.39,0.13,9.35,4.03,27.4
"158","0615","ECOLE CREQUI",1080,16.94,1,3.15,7.21,50.23,7.09,0,0.45,0.11,11.49,1.01,19.26
"159","0616","ECOLE CREQUI",900,16.22,1.06,3.35,6.97,56.3,5.9,0.27,0.13,0.13,8.71,0.4,17.83
"160","0617","ECOLE CREQUI",1045,15.41,1.02,3.43,7.2,47.31,6.97,0.23,0.46,0.46,10.86,1.14,21.94
"161","0618","ECOLE CREQUI",836,14.23,1.12,3.95,5.08,54.87,5.78,0.42,0.42,0.28,8.32,0.85,20.03
"162","0619","GYMNASE MUNICIPAL",1037,16.3,0.12,1.73,4.96,61.36,4.27,0.12,0.23,0.12,9.34,1.04,16.84
"163","0620","GYMNASE MUNICIPAL",1000,14.2,0.82,2.35,6.35,61.69,4.47,0.35,0.24,0.59,9.05,0.94,13.98
"164","0621","GYMNASE MUNICIPAL",1019,15.51,1.05,2.23,6.1,60.68,3.76,0.47,0.12,0.23,9.74,1.64,15.02
"165","0622","GYMNASE MUNICIPAL",1141,17.53,1.17,3.44,5.59,52.26,5.05,0.65,0.11,0.32,12.15,0.75,19.68
"166","0623","GYMNASE MUNICIPAL",945,14.71,1.24,2.76,7.16,62.31,5.65,0.25,0,0,7.16,1.26,13.44
"167","0624","GYMNASE MUNICIPAL",1171,14.94,0.9,2.43,6.69,58.16,4.05,0.2,0,0.1,8.71,1.32,18.34
"168","0625","GYMNASE MUNICIPAL",894,17.34,0.95,2.32,5.74,59.02,4.78,0,0.14,0.27,8.88,0.82,18.03
"169","0626","ECOLE JEAN ROSTAND (GYMNASE)",935,19.68,0.93,4.3,6.05,49.73,6.59,0.13,0.13,0,11.29,0.67,21.1
"170","0627","ECOLE JEAN ROSTAND (GYMNASE)",1225,17.71,1.79,2.53,8.18,47.98,5.56,0.61,0.1,0.1,11.92,1.92,21.11
"171","0628","ECOLE JEAN ROSTAND (GYMNASE)",940,16.81,0.9,1.81,6.71,55.35,3.48,0.26,0,0,11.1,1.81,19.48
"172","0629","ECOLE JEAN ROSTAND",997,16.65,0.72,1.33,5.94,59.03,4.61,0.12,0,0,8.73,1.82,18.42
"173","0630","ECOLE JEAN ROSTAND",1133,18.09,0.75,3.26,6.95,54.83,2.71,0.22,0.11,0.33,11.29,1.74,18.57
"174","0631","ECOLE JEAN ROSTAND",1195,17.91,1.43,3.1,6.31,43.54,7.76,0.72,0.1,0.1,12.2,0.41,25.75
"175","0632","LYCEE DU PARC",1010,18.51,0.85,2.33,5.88,56.86,3.68,0.49,0,0.25,11.89,0.98,17.65
"176","0633","LYCEE DU PARC",1009,20.22,0.5,3.25,7.99,36.83,9.61,0.75,0.25,0,10.36,0.5,30.46
"177","0634","LYCEE DU PARC",1016,14.57,1.5,4.68,6.78,47.13,5.61,0.35,0.12,0.47,12.28,1.4,21.17
"178","0701","MAIRIE DU 7EME ARRT",1024,18.07,0.95,5.9,8.18,23.47,14.56,1.2,0.6,0.12,12.52,1.56,31.89
"179","0702","MAIRIE DU 7EME ARRT",1205,19.34,1.13,5.52,8.32,24.14,13.32,0.73,0.21,0.21,10.51,0.73,36.32
"180","0703","ECOLE BERTHELOT",916,14.52,1.79,3.9,8.84,30.69,11.96,0.39,0.26,0.26,12.35,1.04,30.3
"181","0704","ECOLE BERTHELOT",1159,17.77,0.94,8.9,8.79,25.74,13.67,0.64,0.11,0.42,10.81,1.59,29.34
"182","0705","ECOLE MATERNELLE GILBERT DRU",1011,21.56,1.51,6.79,7.3,21,15.62,0.64,0.51,0.51,9.73,0.9,37
"183","0706","ECOLE MATERNELLE GILBERT DRU",967,20.99,1.31,8.62,5.84,15.12,20.03,0.66,0.27,0.53,10.08,1.06,37.8
"184","0707","ECOLE PASTEUR",721,16.23,0.99,4.68,4.52,28.43,14.88,1.67,0.67,0.84,10.87,0.5,32.94
"185","0708","ECOLE PASTEUR",729,18.24,1.51,9.54,6.98,15.16,24.87,1.02,0.51,0.68,6.3,1.53,33.39
"186","0709","ECOLE PRIMAIRE GILBERT DRU",1208,19.29,1.13,7.99,6.33,17.74,18.36,1.35,0.52,0.41,9.75,1.45,36.1
"187","0710","ECOLE PRIMAIRE GILBERT DRU",971,19.36,0.89,5.54,5.28,27.32,16.11,0.9,0,0.26,10.7,0.64,33.25
"188","0711","ECOLE JEAN-MARIE CHAVANT",1167,17.14,1.03,7.63,5.96,23.72,15.26,1.46,0.31,0.52,12.12,1.25,31.77
"189","0712","ECOLE FÉLIX FAURE",1135,14.19,0.41,4.54,7.42,32.47,10,0.52,0.1,0.1,13.4,2.06,29.38
"190","0713","ECOLE JEAN MACÉ",1107,16.53,1.3,3.95,10.2,25.55,11.51,0.33,0.66,0.33,12.61,1.43,33.44
"191","0714","ECOLE JEAN MACÉ",1071,20.45,1.29,4.99,9.27,26.87,12.96,0.48,0.36,0.36,13.79,1.07,29.85
"192","0715","ECOLE JEAN MACÉ",921,22.15,1.95,2.42,10.24,28.02,12.66,0.43,0.43,0.14,10.53,0.85,34.28
"193","0716","ECOLE JEAN MACÉ",948,18.35,1.29,4.97,9.29,20.68,14.01,0.92,0.65,0,12.57,1.83,35.08
"194","0717","ECOLE JEAN-PIERRE VEYET",1033,18.78,1.31,3.86,9.78,30.68,11.71,0.97,0.48,0.12,12.08,1.45,28.86
"195","0718","ECOLE JEAN-PIERRE VEYET",944,20.97,1.47,4.08,8.44,29.25,12.52,0.68,0.68,0.14,10.61,1.63,31.97
"196","0719","ECOLE JEAN-PIERRE VEYET",1171,18.02,1.56,4.02,8.36,27.94,12.8,0.42,0.85,0.21,13.97,1.38,30.05
"197","0720","ECOLE DOCTEUR CRESTIN",1150,18.52,1.28,4.54,10.05,26.59,9.08,0.76,0.65,0.32,12.43,1.41,34.16
"198","0721","ECOLE DOCTEUR CRESTIN",1264,17.72,0.58,3.48,7.83,31.62,9.28,0.58,0.29,0.19,13.64,1.64,31.43
"199","0722","LYCEE HECTOR GUIMARD",1296,20.06,0.87,2.92,16.46,23.76,12.85,0.88,0.68,0.29,10.91,1.85,29.41
"200","0723","LOCAL MUNICIPAL",1276,25.16,2.2,3.53,9.74,21.31,18.74,0.43,0.75,0.43,9.64,0.96,34.48
"201","0724","LOCAL MUNICIPAL",1122,22.1,1.26,3.24,12.98,23.17,15.06,0.7,0.12,0.23,10.31,2.55,31.63
"202","0725","ECOLE MARCEL PAGNOL",1242,18.84,1.88,3.13,14.36,20.12,11.83,1.11,0.2,0.1,11.93,2.22,34.98
"203","0726","ECOLE CLAUDIUS BERTHELIER",1663,19.72,1.57,3.58,16.89,21.92,12.4,0.61,0.38,0.15,9.28,1.52,33.26
"204","0727","ECOLE MARCEL PAGNOL",1081,19.8,2.65,2.96,13.51,25.36,11.73,0.47,0.71,0.47,10.07,1.54,33.18
"205","0728","ECOLE CLAUDIUS BERTHELIER",816,18.14,1.65,3.35,15.83,26.94,11.42,0.61,0.3,0,11.87,1.07,28.61
"206","0729","ECOLE MARCEL PAGNOL",1419,22.13,1,3.29,12.43,27.79,14.17,0.82,0.64,0.18,7.59,1.46,31.63
"207","0730","ECOLE CLAUDIUS BERTHELIER",1161,21.27,1.86,3.12,14.6,18.73,15.16,0.45,0.78,0.56,9.48,1.11,36.01
"208","0731","ECOLE ARISTIDE BRIAND",1000,22.3,1.67,3.27,14.92,22.51,14.79,1.05,0.65,0.26,7.2,1.18,34.16
"209","0732","ECOLE ARISTIDE BRIAND",1201,27.89,1.27,3.86,16.73,22.34,12.87,1.52,0.7,0.12,8.07,1.17,32.63
"210","0733","ECOLE ARISTIDE BRIAND",999,27.83,1.8,2.4,21.33,12.99,15.4,0.85,0.56,0.28,4.8,0.99,40.4
"211","0734","ECOLE ARISTIDE BRIAND",1017,23.6,1.93,2.62,13.12,16.4,14.7,1.44,1.05,0.13,11.42,1.84,37.27
"212","0735","ECOLE FRANÇOIS RAVIER",1284,19.86,0.97,3.83,12.17,19.63,13.94,0.79,0.69,0.1,11.58,0.88,36.41
"213","0736","ECOLE FRANCOIS RAVIER",1137,19.17,0.22,4.36,13.96,25.85,11.01,1.09,0.44,0.11,13.63,1.42,28.14
"214","0801","MAIRIE DU 8",870,25.63,1.55,3.3,16.01,22.29,12.24,1.73,0.47,0.16,10.2,1.73,31.87
"215","0802","MAIRIE DU 8",990,16.06,0.96,2.92,14.09,33.9,7.53,0.49,0.61,0.36,12.52,1.34,26.25
"216","0803","MAIRIE DU 8",1081,15.73,1.43,4.79,9.35,28.29,11.25,0.45,0,0.45,11.47,1.78,32.18
"217","0804","GYMNASE COLBERT",1193,17.44,1.62,3.2,8.88,28.79,11.25,1.03,0.62,0.1,12.38,2.58,31.17
"218","0805","GYMNASE COLBERT",1088,22.43,1.18,2.4,10.91,32.73,8.87,0.72,0.48,0.24,11.27,1.92,30.46
"219","0806","GYMNASE COLBERT",1117,19.34,1.55,5.75,10.6,26.16,9.47,0.9,0.56,0.11,11.95,2.37,32.13
"220","0807","ECOLE PAUL EMILE VICTOR",1052,17.4,0.58,3.82,9.61,32.41,9.03,0.46,0.35,0.12,11.34,1.16,31.71
"221","0808","ECOLE  PAUL EMILE VICTOR",1126,15.01,1.36,4.03,9.22,32.52,8.79,0.74,0.32,0,12.39,1.59,30.4
"222","0809","ECOLE  LUMIERE",954,16.98,1.64,3.85,10.4,33.25,9.88,0.9,0.13,0.39,11.81,1.16,28.24
"223","0810","ECOLE LUMIERE",1037,15.04,1.25,4.14,7.93,34.94,9.43,0.46,0.23,0.46,12.99,1.26,28.16
"224","0811","ECOLE  EDOUARD HERRIOT",913,17.96,1.07,2.56,10.93,27.4,14.17,0.67,0.27,0.13,12.82,0.81,30.23
"225","0812","ECOLE  EDOUARD HERRIOT",984,20.83,2.31,4.73,14.06,22.47,11.83,0.66,0.39,0.13,12.61,2.37,30.75
"226","0813","ECOLE  EDOUARD HERRIOT",942,19.96,0.93,4.15,15.39,22.22,8.57,0.94,0.67,0.13,8.7,2.81,36.41
"227","0814","ECOLE  EDOUARD HERRIOT",925,24.65,1.29,1.31,17.01,16.42,13.95,1.02,0.73,0.58,5.81,1.16,42.01
"228","0815","GYMNASE JEAN MERMOZ",950,24.42,1.53,3.39,14,23.06,13.15,1.56,0,0.14,8.49,1.56,34.65
"229","0816","GYMNASE JEAN MERMOZ",779,33.76,1.55,1.57,11.61,26.38,10.04,1.18,0,0,4.92,1.38,42.91
"230","0817","ECOLE  PASTEUR  (GYMNASE)",1181,25.74,1.71,2.2,14.04,24.25,12.41,0.93,0.81,0,11.02,1.86,32.48
"231","0818","ECOLE  PASTEUR ( GYMNASE)",791,30.34,1.27,1.65,11.76,19.3,12.87,0.74,0.92,0.18,6.8,0.55,45.22
"232","0819","ECOLE  PASTEUR  (GYMNASE)",863,33.02,1.56,1.41,8.61,12.83,21.62,1.41,0.18,0.18,3.34,0.35,50.09
"233","0820","ECOLE  JEAN MACE",938,22.17,1.64,0.97,19.08,26.18,10.03,0.28,0.42,0.14,7.52,1.53,33.84
"234","0821","ECOLE  JEAN MACE",971,19.88,1.93,2.62,17.3,27.52,11.14,1.31,0.92,0.26,9.57,1.31,28.05
"235","0822","ECOLE  JEAN MACE",1008,23.02,2.19,2.77,17.26,25.03,15.81,0.92,0.66,0.4,9.35,1.71,26.09
"236","0823","ECOLE  JEAN MACE",798,19.55,0.93,3.14,16.98,27.67,11.64,0.63,0.47,0.31,8.33,1.42,29.4
"237","0824","ECOLE JEAN GIONO",661,26.93,1.66,1.68,16.63,24.84,17.05,0.63,1.05,0,9.05,0.84,28.21
"238","0825","ECOLE  JEAN GIONO",831,31.05,2.27,1.07,13.04,18.39,13.04,1.25,0.71,0.54,4.82,1.25,45.89
"239","0826","ECOLE  JEAN GIONO",738,21.82,1.73,0.71,20.46,20.81,12.35,1.06,0.53,0,5.11,0.71,38.27
"240","0827","ECOLE  JEAN GIONO",961,30.07,2.08,1.37,18.54,19,13.98,0.76,0.76,0,4.41,1.06,40.12
"241","0828","ECOLE  ALAIN FOURNIER",611,29.79,2.56,0.72,21.77,19.86,14.83,0.48,1.2,0.24,4.31,0.24,36.36
"242","0829","ECOLE ALAIN FOURNIER",555,32.79,1.88,1.64,18.31,12.57,14.48,1.64,0.82,0.27,5.46,0.55,44.26
"243","0830","ECOLE  CHARLES PEGUY",1027,19.77,0.36,1.71,15.96,28.99,8.28,0.73,0.49,0,11.33,1.1,31.43
"244","0831","ECOLE  CHARLES PEGUY",827,27.45,1.83,0.68,22.92,16.13,13.24,1.02,0.51,0,4.92,0.68,39.9
"245","0832","ECOLE CHARLES PEGUY",892,25.45,1.95,2.15,20.86,20.86,10.28,1.53,2.3,0.46,6.9,1.99,32.67
"246","0833","ECOLE CHARLES PEGUY",983,26.65,2.22,1.28,21.56,18.44,12.2,0.57,0.57,0.14,6.38,1.99,36.88
"247","0834","ECOLE CHARLES PEGUY",1056,23.3,2.1,3.15,13.62,23.58,11.6,1.01,0.25,0.25,9.46,1.89,35.18
"248","0835","ECOLE COMBE BLANCHE",1073,26.84,2.68,2.36,16.88,22.91,11.39,1.18,0.65,0.13,9.69,1.05,33.77
"249","0836","ECOLE COMBE BLANCHE",1224,20.1,1.43,2.18,12.76,25.93,11.72,0.83,0,0.21,11.93,1.35,33.09
"250","0837","ECOLE COMBE BLANCHE",1275,23.06,1.83,2.8,15.58,19.42,14.23,0.62,0.62,0.31,8.72,1.56,36.14
"251","0838","ECOLE PHILIBERT DELORME",1150,24.61,1.73,3.17,14.08,17.96,15.49,0.82,0.35,0.23,5.4,1.64,40.85
"252","0839","ECOLE PHILIBERT DELORME",1169,17.96,2.19,1.81,16.2,24.84,14.07,0.85,0.75,0.32,9.91,1.92,29.32
"253","0840","ECOLE PHILIBERT DELORME",980,21.43,1.04,2.89,14.96,20.21,13.39,0.66,0.39,0.26,9.06,2.1,36.09
"254","0841","ECOLE PHILIBERT DELORME",901,21.86,2.27,2.03,19.62,21.08,12.79,1.02,0.73,0.73,10.32,2.18,29.51
"255","0842","ECOLE PHILIBERT DELORME",939,34.61,0.98,0.66,18.26,18.75,12.66,0.66,1.15,0,4.77,0.99,42.11
"256","0843","ECOLE SIMONE SIGNORET",997,14.84,1.41,3.94,8.84,32.62,9.32,0.6,0.12,0.36,13.62,1.55,29.03
"257","0844","ECOLE EDOUARD HERRIOT",995,22.91,1.69,3.32,13.53,20.69,13.79,0,0.66,0.27,9.15,2.25,36.34
"258","0901","MAIRIE DU 9 EME",939,26.52,2.17,2.96,14.52,23.11,13.33,1.04,0.15,0.15,9.93,1.33,33.48
"259","0902","MAIRIE DU 9 EME",940,26.91,1.46,5.32,8.57,21.86,12.26,1.62,0.44,0.15,11.96,1.62,36.19
"260","0903","MAIRIE DU 9 EME",1230,19.67,1.01,5.42,8.49,23.11,13.39,0.82,0.51,0.41,11.55,1.43,34.87
"261","0904","ECOLE DU CHAPEAU ROUGE",852,24.88,1.41,4.12,10.14,21.87,13.15,0.79,0.32,0,11.89,1.27,36.45
"262","0905","ECOLE DU CHAPEAU ROUGE",476,21.22,1.6,2.44,6.5,20.05,16.26,1.08,1.36,0.54,15.18,1.08,35.5
"263","0906","ECOLE DU CHAPEAU ROUGE",714,23.95,1.29,4.66,8.96,19.22,19.59,1.68,0.75,0.37,11.94,1.12,31.72
"264","0907","ECOLE JEAN ZAY",1034,24.47,1.41,2.08,16.1,17.92,17.66,2.21,0.65,0.13,7.01,1.69,34.55
"265","0908","ECOLE JEAN ZAY",1089,20.84,1.97,3.43,13.73,25.44,11.12,0.83,0.47,0.12,9.94,1.18,33.73
"266","0909","ECOLE JEAN ZAY",803,31.26,1.63,3.31,13.81,24.31,16.21,0.92,0.74,0.55,5.71,1.29,33.15
"267","0910","ECOLE HECTOR BERLIOZ",964,21.06,1.18,2.66,14.76,34.18,9.97,1.46,0.13,0.4,8.91,1.2,26.33
"268","0911","ECOLE  HECTOR BERLIOZ",824,18.81,0.9,2.87,15.84,33.18,8.75,0.75,0.15,0.15,11.76,1.66,24.89
"269","0912","ECOLE CHEVALIER BAYARD",767,19.82,0.98,5.75,8.05,24.96,13.63,1.15,0.99,0,11.66,1.31,32.51
"270","0913","ECOLE CHEVALIER BAYARD",914,23.96,1.01,4.94,10.76,25.58,10.76,1.16,0.87,0.29,11.63,2.33,31.69
"271","0914","ECOLE AUDREY HEPBURN",1041,23.05,1.37,4.94,10.51,20.51,15.19,1.14,0.13,0.25,11.14,0.51,35.7
"272","0915","ECOLE AUDREY HEPBURN",1227,26.32,1.44,4.6,8.87,20.31,17.4,0.79,0.22,0.45,12.12,1.8,33.45
"273","0916","ECOLE DE LA GARE D’EAU",1207,21.46,1.05,3.73,7.78,31.02,12.37,0.43,0.75,0.64,11.51,1.28,30.49
"274","0917","ECOLE DE LA GARE D’EAU",846,26,1.12,2.91,11.63,23.42,12.76,1.13,0.65,0.65,9.05,1.29,36.51
"275","0918","ECOLE LES FOUGERES",1095,29.04,1.54,1.7,12.42,17.91,15.42,1.7,0.39,0.26,7.19,1.31,41.7
"276","0919","ECOLE LES ANEMONES",926,37.9,2.26,0.71,13.35,13.17,19.93,0.53,0.71,0.53,5.87,1.6,43.59
"277","0920","ECOLE LES ANEMONES",586,30.72,1.23,3.24,13.72,18.2,15.46,0.5,0.25,0.25,4.99,2.99,40.4
"278","0921","ECOLE  LES GERANIUMS",1112,37.77,1.59,1.17,10.43,15.12,16.89,0.73,1.17,0.29,3.82,0.44,49.93
"279","0922","ECOLE LES DAHLIAS",827,30.47,1.22,2.11,17.25,23.94,15.32,0.7,0.35,0,9.51,1.76,29.05
"280","0923","ECOLE LES DAHLIAS",890,22.81,1.89,1.78,18.55,25.96,12.17,0.74,0.45,0,7.86,2.08,30.42
"281","0924","ECOLE ANTONIN LABORDE",947,22.49,1.77,4.16,13.45,28.71,13.45,0.69,0.55,0.14,8.6,1.94,28.29
"282","0925","ECOLE ANTONIN LABORDE",673,23.63,2.33,2.79,9.76,20.12,15.14,0.4,1.2,0.4,12.35,1.79,36.06
"283","0926","MAIRIE ST RAMBERT",750,21.73,1.36,3.8,8.29,34.72,11.57,0.52,0,0.35,12.09,1.9,26.77
"284","0927","ECOLE FREDERIC MISTRAL",901,15.54,1.18,3.46,10.11,30.32,10.11,1.2,0.8,0.4,10.51,1.6,31.52
"285","0928","ECOLE FREDERIC MISTRAL",811,16.03,1.91,3.89,11.08,28.89,12.13,0.9,0.3,0,13.02,1.35,28.44
"286","0929","ECOLE FREDERIC MISTRAL",912,18.09,1.34,4.07,8.14,30.66,10.04,0.14,0.68,0.14,13.43,2.31,30.39
"287","0930","ECOLE ALPHONSE DAUDET",583,22.81,0.89,3.81,11.88,25.11,11.21,0.9,0.67,0.22,10.99,1.57,33.63
"288","0931","ECOLE ALPHONSE DAUDET",703,30.58,1.23,3.11,13.9,19.5,15.35,0.21,0.21,0.21,6.02,0.62,40.87
